source_row,dataset,action,id,kept_source_row
2,3D-FRONT,migrated,3d-front,
3,ABO,migrated,abo,
4,CALVIN,migrated,calvin,
5,ProcTHOR,migrated,procthor,
6,RT-1 Dataset,migrated,rt-1-dataset,
7,Objaverse,migrated,objaverse,
8,OmniObject3D,migrated,omniobject3d,
9,LIBERO,migrated,libero,
10,HSSD-200,migrated,hssd-200,
11,RH20T,migrated,rh20t,
12,Objaverse-XL,migrated,objaverse-xl,
13,BridgeData V2,migrated,bridgedata-v2,
14,ScanNet++,migrated,scannet,
15,MimicGen,migrated,mimicgen,
16,Open X-Embodiment,migrated,open-x-embodiment,
17,Universal Manipulation Interface,migrated,universal-manipulation-interface,
18,DROID,migrated,droid,
19,Open6DOR V2,migrated,open6dor-v2,
20,FastUMI Dataset,migrated,fastumi-dataset,
21,DexMimicGen,migrated,dexmimicgen,
22,EgoMimic,migrated,egomimic,
23,ManiSkill3 Demonstrations,migrated,maniskill3-demonstrations,
24,Data Scaling Laws,migrated,data-scaling-laws,
25,EgoVid-5M,migrated,egovid-5m,
26,Aist-Bimanual,migrated,aist-bimanual,
27,HD-EPIC,migrated,hd-epic,
28,LEGATO,migrated,legato,
29,RoboVerse,migrated,roboverse,
30,PH2D,migrated,ph2d,
31,EgoDex,migrated,egodex,
32,DexWild,migrated,dexwild,
33,DexUMI,migrated,dexumi,
34,EgoExOR,migrated,egoexor,
35,RoboTwin 2.0,migrated,robotwin-2-0,
36,ArtVIP,migrated,artvip,
37,FreeTacMan,migrated,freetacman,
38,InternData-M1,migrated,interndata-m1,
39,InternData-N1,migrated,interndata-n1,
40,Touch in the Wild,migrated,touch-in-the-wild,
41,DexonomySim,migrated,dexonomysim,
42,Galaxea Open-World Dataset,migrated,galaxea-open-world-dataset,
43,BEHAVIOR-1K Challenge Demos,migrated,behavior-1k-challenge-demos,
44,OpenEgo,migrated,openego,
45,exUMI,migrated,exumi,
46,ManipForce,migrated,manipforce,
47,OmniAction,migrated,omniaction,
48,Humanoid Everyday,migrated,humanoid-everyday,
49,FastUMI-100K,migrated,fastumi-100k,
50,RoboCOIN,migrated,robocoin,
51,InternData-A1,migrated,interndata-a1,
52,Egocentric-10K,migrated,egocentric-10k,
53,IndEgo,migrated,indego,
54,World In YourHands,migrated,world-in-yourhands,
55,SAGE-3D VLN Data,migrated,sage-3d-vln-data,
56,**World In Your Hands**,migrated,world-in-your-hands,
57,白虎-VTouch,migrated,vtouch,
58,10kh RealOmniOpen Dataset,migrated,10kh-realomniopen-dataset,
59,RoboMIND,migrated,robomind,
60,EgoScale,migrated,egoscale,
61,RoboCasa365,migrated,robocasa365,
62,NVIDIA Kitchen Demos,migrated,nvidia-kitchen-demos,
63,SAGE-10k,migrated,sage-10k,
64,DECO-50,migrated,deco-50,
65,RoboInter-Data,migrated,robointer-data,
66,Unitree UnifoLM-WBT,migrated,unitree-unifolm-wbt,
67,OmniViTac,migrated,omnivitac,
68,ManiTwin-100K（早期公开版）,migrated,manitwin-100k,
69,OpenLET,migrated,openlet,
70,Xperience-10M,migrated,xperience-10m,
71,Ego-1K,migrated,ego-1k,
72,MansionWorld,migrated,mansionworld,
73,BONES-SEED,migrated,bones-seed,
74,UnifoLM-WBT-Dataset,migrated,unifolm-wbt-dataset,
75,PhysX-Mobility,migrated,physx-mobility,
76,PhysXVerse,migrated,physxverse,
77,EgoXtreme,migrated,egoxtreme,
78,Dynamic Object Manipulation（DOM）,migrated,dynamic-object-manipulation-dom,
79,EgoLive,migrated,egolive,
80,Open-H-Embodiment,migrated,open-h-embodiment,
81,HRDexDB,migrated,hrdexdb,
82,Daimon-Infinity,migrated,daimon-infinity,
83,PhysInOne,migrated,physinone,
84,EgoVerse,migrated,egoverse,
85,AGIBOT WORLD 2026,migrated,agibot-world-2026,
86,LIBERO-Para,migrated,libero-para,
87,UMI-3D,migrated,umi-3d,
88,HumanCLAW,migrated,humanclaw,
89,EgoFun3D,migrated,egofun3d,
90,PhysicalAI WorldModel Synthetic Embodied Robot Scenes,migrated,physicalai-worldmodel-synthetic-embodied-robot-scenes,
91,GR00T-N1.7-AppleToPlate,migrated,gr00t-n1-7-appletoplate,
92,Dexora,migrated,dexora,
93,EgoTouch,migrated,egotouch,
94,MobileEgo Anywhere,migrated,mobileego-anywhere,
95,MolmoAct2-BimanualYAM,migrated,molmoact2-bimanualyam,
96,EgoSPT,migrated,egospt,
97,EgoTraj,migrated,egotraj,
98,HumanEgo,migrated,humanego,
99,RCT,migrated,rct,
100,ABC-130K,migrated,abc-130k,
101,OmniContact,migrated,omnicontact,
102,Hy-Embodied-0.5-VLA-Data,migrated,hy-embodied-0-5-vla-data,
103,T-Rex Dataset,migrated,t-rex-dataset,
104,EgoTactile,migrated,egotactile,
105,GRAIL,migrated,grail,
106,RekaDaily-10k,migrated,rekadaily-10k,
107,CS2-10k,migrated,cs2-10k,
108,EgoSteer,migrated,egosteer,
109,ACE-Data-0,migrated,ace-data-0,
110,TableVerse-100K,migrated,tableverse-100k,
111,OpenNeoData,migrated,openneodata,
112,WANDA,migrated,wanda,
113,Deform360,migrated,deform360,
114,H-Tac（样例公开）,migrated,h-tac,
115,Open-AoE,migrated,open-aoe,
116,EgoEMG,migrated,egoemg,
117,Ego2Robot,migrated,ego2robot,
118,Ego2Robot,duplicate_skipped,,117.0
